,Mass,Target,Start,Stop
0,0.6166032817280968,Calprotectin,0.31660328172809676,0.6166032817280968
1,0.7361271393405203,Chymase,0.43612713934052033,0.7361271393405203
2,0.3882306801433095,SMA,0.08823068014330954,0.3882306801433095
